<?xml version="1.0" encoding="UTF-8"?>
<project-private xmlns="http://www.netbeans.org/ns/project-private/1">
    <editor-bookmarks xmlns="http://www.netbeans.org/ns/editor-bookmarks/2" lastBookmarkId="0"/>
    <open-files xmlns="http://www.netbeans.org/ns/projectui-open-files/2">
        <group>
            <file>file:/C:/Users/DELL/Downloads/INFO-5100-AED-BioGen-Final-Project-master/OneBoston_DrugRegulator/src/Business/Gene/Gene.java</file>
            <file>file:/C:/Users/DELL/Downloads/INFO-5100-AED-BioGen-Final-Project-master/OneBoston_DrugRegulator/src/Business/ConfigureASystem.java</file>
            <file>file:/C:/Users/DELL/Downloads/INFO-5100-AED-BioGen-Final-Project-master/OneBoston_DrugRegulator/src/Business/DataGenerator.java</file>
            <file>file:/C:/Users/DELL/Downloads/INFO-5100-AED-BioGen-Final-Project-master/OneBoston_DrugRegulator/src/Business/Doctor/Prescription.java</file>
            <file>file:/C:/Users/DELL/Downloads/INFO-5100-AED-BioGen-Final-Project-master/OneBoston_DrugRegulator/src/Business/Gene/GeneHistory.java</file>
            <file>file:/C:/Users/DELL/Downloads/INFO-5100-AED-BioGen-Final-Project-master/OneBoston_DrugRegulator/src/Business/EcoSystem.java</file>
        </group>
    </open-files>
</project-private>
